event_id,parent_system_id,primary_hazard,secondary_hazards,source_event_ids,compound,event_disposition,record_id,county_fips,boundary_vintage,scenario_id,window_start_utc,window_end_utc,record_disposition,mode,weather_coverage,weather_evidence_kind,weather_observation_kind,weather_expected_samples,weather_observed_samples,weather_missing_timestamps,weather_event_report,outage_coverage,outage_evidence_kind,outage_observation_kind,outage_expected_samples,outage_observed_samples,outage_missing_timestamps,outage_event_report,matched_coverage_decision,label_rule_version,label_status,observed_outage_customers,customer_denominator_status,customer_denominator,outage_rate,positive,provenance_receipt_ids,source_evidence_status,source_row_keys,source_slices,uncertainties,exclusions
calendar-control-mn-2021-autumn-01,calendar-control-mn-2021-autumn-01,ordinary_weather,[],[],false,candidate_only,ctrl-calendar-bae26bf8727fad99,27053,pending-catalog-contract,control-mn-2021-autumn-01,2021-10-07T00:00:00Z,2021-10-07T06:00:00Z,candidate_only,replay,uncovered,not_assessed,not_applicable,,,[],null,UncoveredLabel,time_series_or_grid,observed,24,5,"[""2021-10-07T00:00:00Z"",""2021-10-07T00:45:00Z"",""2021-10-07T01:00:00Z"",""2021-10-07T01:15:00Z"",""2021-10-07T01:30:00Z"",""2021-10-07T01:45:00Z"",""2021-10-07T02:00:00Z"",""2021-10-07T02:15:00Z"",""2021-10-07T02:30:00Z"",""2021-10-07T03:30:00Z"",""2021-10-07T03:45:00Z"",""2021-10-07T04:00:00Z"",""2021-10-07T04:15:00Z"",""2021-10-07T04:30:00Z"",""2021-10-07T04:45:00Z"",""2021-10-07T05:00:00Z"",""2021-10-07T05:15:00Z"",""2021-10-07T05:30:00Z"",""2021-10-07T05:45:00Z""]",null,unavailable,county_outage_5pct_v1,UncoveredLabel,,unavailable,,,,"[""ncei-stormevents-index"",""nws-mpx-events-archive"",""eaglei-2021-42547891-calendar-control-mn-2021-autumn-01-27053-20211007t000000""]",unavailable,[],[],"[""Frame-limited Hennepin calendar candidate; not representative across regions."",""EAGLE-I outage coverage has a collection shortfall and is UncoveredLabel; this candidate is not accepted.""]",[]
calendar-control-mn-2021-spring-01,calendar-control-mn-2021-spring-01,ordinary_weather,[],[],false,candidate_only,ctrl-calendar-2137cf52881a6e60,27053,pending-catalog-contract,control-mn-2021-spring-01,2021-04-07T00:00:00Z,2021-04-07T06:00:00Z,candidate_only,replay,uncovered,not_assessed,not_applicable,,,[],null,covered,time_series_or_grid,observed,24,24,[],null,unavailable,county_outage_5pct_v1,unavailable,,unavailable,,,,"[""ncei-stormevents-index"",""nws-mpx-events-archive"",""eaglei-2021-42547891-calendar-control-mn-2021-spring-01-27053-20210407t000000""]",available,"[""eaglei-2021-42547891-calendar-control-mn-2021-spring-01-27053-20210407t000000:27053|2021-04-07 00:00:00"",""eaglei-2021-42547891-calendar-control-mn-2021-spring-01-27053-20210407t000000:27053|2021-04-07 00:15:00"",""eaglei-2021-42547891-calendar-control-mn-2021-spring-01-27053-20210407t000000:27053|2021-04-07 00:30:00"",""eaglei-2021-42547891-calendar-control-mn-2021-spring-01-27053-20210407t000000:27053|2021-04-07 00:45:00"",""eaglei-2021-42547891-calendar-control-mn-2021-spring-01-27053-20210407t000000:27053|2021-04-07 01:00:00"",""eaglei-2021-42547891-calendar-control-mn-2021-spring-01-27053-20210407t000000:27053|2021-04-07 01:15:00"",""eaglei-2021-42547891-calendar-control-mn-2021-spring-01-27053-20210407t000000:27053|2021-04-07 01:30:00"",""eaglei-2021-42547891-calendar-control-mn-2021-spring-01-27053-20210407t000000:27053|2021-04-07 01:45:00"",""eaglei-2021-42547891-calendar-control-mn-2021-spring-01-27053-20210407t000000:27053|2021-04-07 02:00:00"",""eaglei-2021-42547891-calendar-control-mn-2021-spring-01-27053-20210407t000000:27053|2021-04-07 02:15:00"",""eaglei-2021-42547891-calendar-control-mn-2021-spring-01-27053-20210407t000000:27053|2021-04-07 02:30:00"",""eaglei-2021-42547891-calendar-control-mn-2021-spring-01-27053-20210407t000000:27053|2021-04-07 02:45:00"",""eaglei-2021-42547891-calendar-control-mn-2021-spring-01-27053-20210407t000000:27053|2021-04-07 03:00:00"",""eaglei-2021-42547891-calendar-control-mn-2021-spring-01-27053-20210407t000000:27053|2021-04-07 03:15:00"",""eaglei-2021-42547891-calendar-control-mn-2021-spring-01-27053-20210407t000000:27053|2021-04-07 03:30:00"",""eaglei-2021-42547891-calendar-control-mn-2021-spring-01-27053-20210407t000000:27053|2021-04-07 03:45:00"",""eaglei-2021-42547891-calendar-control-mn-2021-spring-01-27053-20210407t000000:27053|2021-04-07 04:00:00"",""eaglei-2021-42547891-calendar-control-mn-2021-spring-01-27053-20210407t000000:27053|2021-04-07 04:15:00"",""eaglei-2021-42547891-calendar-control-mn-2021-spring-01-27053-20210407t000000:27053|2021-04-07 04:30:00"",""eaglei-2021-42547891-calendar-control-mn-2021-spring-01-27053-20210407t000000:27053|2021-04-07 04:45:00"",""eaglei-2021-42547891-calendar-control-mn-2021-spring-01-27053-20210407t000000:27053|2021-04-07 05:00:00"",""eaglei-2021-42547891-calendar-control-mn-2021-spring-01-27053-20210407t000000:27053|2021-04-07 05:15:00"",""eaglei-2021-42547891-calendar-control-mn-2021-spring-01-27053-20210407t000000:27053|2021-04-07 05:30:00"",""eaglei-2021-42547891-calendar-control-mn-2021-spring-01-27053-20210407t000000:27053|2021-04-07 05:45:00""]","[{""county_fips"":""27053"",""end_utc"":""2021-04-07T06:00:00Z"",""receipt_id"":""eaglei-2021-42547891-calendar-control-mn-2021-spring-01-27053-20210407t000000"",""start_utc"":""2021-04-07T00:00:00Z""}]","[""Frame-limited Hennepin calendar candidate; not representative across regions."",""Outage scan is complete, but weather coverage remains unmatched; this candidate is not accepted.""]",[]
calendar-control-mn-2021-summer-01,calendar-control-mn-2021-summer-01,ordinary_weather,[],[],false,candidate_only,ctrl-calendar-8fc17225db319ad0,27053,pending-catalog-contract,control-mn-2021-summer-01,2021-08-07T00:00:00Z,2021-08-07T06:00:00Z,candidate_only,replay,uncovered,not_assessed,not_applicable,,,[],null,UncoveredLabel,time_series_or_grid,observed,24,20,"[""2021-08-07T01:30:00Z"",""2021-08-07T01:45:00Z"",""2021-08-07T02:00:00Z"",""2021-08-07T02:15:00Z""]",null,unavailable,county_outage_5pct_v1,UncoveredLabel,,unavailable,,,,"[""ncei-stormevents-index"",""nws-mpx-events-archive"",""eaglei-2021-42547891-calendar-control-mn-2021-summer-01-27053-20210807t000000""]",unavailable,[],[],"[""Frame-limited Hennepin calendar candidate; not representative across regions."",""EAGLE-I outage coverage has a collection shortfall and is UncoveredLabel; this candidate is not accepted.""]",[]
calendar-control-mn-2022-autumn-01,calendar-control-mn-2022-autumn-01,ordinary_weather,[],[],false,candidate_only,ctrl-calendar-86a512c93542727f,27053,pending-catalog-contract,control-mn-2022-autumn-01,2022-10-07T00:00:00Z,2022-10-07T06:00:00Z,candidate_only,replay,uncovered,not_assessed,not_applicable,,,[],null,UncoveredLabel,time_series_or_grid,observed,24,13,"[""2022-10-07T02:15:00Z"",""2022-10-07T02:30:00Z"",""2022-10-07T02:45:00Z"",""2022-10-07T03:00:00Z"",""2022-10-07T04:15:00Z"",""2022-10-07T04:30:00Z"",""2022-10-07T04:45:00Z"",""2022-10-07T05:00:00Z"",""2022-10-07T05:15:00Z"",""2022-10-07T05:30:00Z"",""2022-10-07T05:45:00Z""]",null,unavailable,county_outage_5pct_v1,UncoveredLabel,,unavailable,,,,"[""ncei-stormevents-index"",""nws-mpx-events-archive"",""eaglei-2022-42547897-calendar-control-mn-2022-autumn-01-27053-20221007t000000""]",unavailable,[],[],"[""Frame-limited Hennepin calendar candidate; not representative across regions."",""EAGLE-I outage coverage has a collection shortfall and is UncoveredLabel; this candidate is not accepted.""]",[]
calendar-control-mn-2022-spring-01,calendar-control-mn-2022-spring-01,ordinary_weather,[],[],false,candidate_only,ctrl-calendar-a0c6d2546a740089,27053,pending-catalog-contract,control-mn-2022-spring-01,2022-03-07T00:00:00Z,2022-03-07T06:00:00Z,candidate_only,replay,uncovered,not_assessed,not_applicable,,,[],null,covered,time_series_or_grid,observed,24,24,[],null,unavailable,county_outage_5pct_v1,unavailable,,unavailable,,,,"[""ncei-stormevents-index"",""nws-mpx-events-archive"",""eaglei-2022-42547897-calendar-control-mn-2022-spring-01-27053-20220307t000000""]",available,"[""eaglei-2022-42547897-calendar-control-mn-2022-spring-01-27053-20220307t000000:27053|2022-03-07 00:00:00"",""eaglei-2022-42547897-calendar-control-mn-2022-spring-01-27053-20220307t000000:27053|2022-03-07 00:15:00"",""eaglei-2022-42547897-calendar-control-mn-2022-spring-01-27053-20220307t000000:27053|2022-03-07 00:30:00"",""eaglei-2022-42547897-calendar-control-mn-2022-spring-01-27053-20220307t000000:27053|2022-03-07 00:45:00"",""eaglei-2022-42547897-calendar-control-mn-2022-spring-01-27053-20220307t000000:27053|2022-03-07 01:00:00"",""eaglei-2022-42547897-calendar-control-mn-2022-spring-01-27053-20220307t000000:27053|2022-03-07 01:15:00"",""eaglei-2022-42547897-calendar-control-mn-2022-spring-01-27053-20220307t000000:27053|2022-03-07 01:30:00"",""eaglei-2022-42547897-calendar-control-mn-2022-spring-01-27053-20220307t000000:27053|2022-03-07 01:45:00"",""eaglei-2022-42547897-calendar-control-mn-2022-spring-01-27053-20220307t000000:27053|2022-03-07 02:00:00"",""eaglei-2022-42547897-calendar-control-mn-2022-spring-01-27053-20220307t000000:27053|2022-03-07 02:15:00"",""eaglei-2022-42547897-calendar-control-mn-2022-spring-01-27053-20220307t000000:27053|2022-03-07 02:30:00"",""eaglei-2022-42547897-calendar-control-mn-2022-spring-01-27053-20220307t000000:27053|2022-03-07 02:45:00"",""eaglei-2022-42547897-calendar-control-mn-2022-spring-01-27053-20220307t000000:27053|2022-03-07 03:00:00"",""eaglei-2022-42547897-calendar-control-mn-2022-spring-01-27053-20220307t000000:27053|2022-03-07 03:15:00"",""eaglei-2022-42547897-calendar-control-mn-2022-spring-01-27053-20220307t000000:27053|2022-03-07 03:30:00"",""eaglei-2022-42547897-calendar-control-mn-2022-spring-01-27053-20220307t000000:27053|2022-03-07 03:45:00"",""eaglei-2022-42547897-calendar-control-mn-2022-spring-01-27053-20220307t000000:27053|2022-03-07 04:00:00"",""eaglei-2022-42547897-calendar-control-mn-2022-spring-01-27053-20220307t000000:27053|2022-03-07 04:15:00"",""eaglei-2022-42547897-calendar-control-mn-2022-spring-01-27053-20220307t000000:27053|2022-03-07 04:30:00"",""eaglei-2022-42547897-calendar-control-mn-2022-spring-01-27053-20220307t000000:27053|2022-03-07 04:45:00"",""eaglei-2022-42547897-calendar-control-mn-2022-spring-01-27053-20220307t000000:27053|2022-03-07 05:00:00"",""eaglei-2022-42547897-calendar-control-mn-2022-spring-01-27053-20220307t000000:27053|2022-03-07 05:15:00"",""eaglei-2022-42547897-calendar-control-mn-2022-spring-01-27053-20220307t000000:27053|2022-03-07 05:30:00"",""eaglei-2022-42547897-calendar-control-mn-2022-spring-01-27053-20220307t000000:27053|2022-03-07 05:45:00""]","[{""county_fips"":""27053"",""end_utc"":""2022-03-07T06:00:00Z"",""receipt_id"":""eaglei-2022-42547897-calendar-control-mn-2022-spring-01-27053-20220307t000000"",""start_utc"":""2022-03-07T00:00:00Z""}]","[""Frame-limited Hennepin calendar candidate; not representative across regions."",""Outage scan is complete, but weather coverage remains unmatched; this candidate is not accepted.""]",[]
il-2022-03-05-convective-wind,sys-2022-03-05-midwest-low,convective wind,[],"[""1012888""]",false,candidate_only,il-2022-03-05-convective-wind-17089-0000,17089,TIGER/Line 2024 pending county crosswalk verification,il-2022-03-05-convective-wind-replay,2022-03-06T00:00:00Z,2022-03-06T06:00:00Z,shortfall,replay,uncovered,not_assessed,not_applicable,,,[],null,UncoveredLabel,time_series_or_grid,observed,24,8,"[""2022-03-06T01:00:00Z"",""2022-03-06T01:15:00Z"",""2022-03-06T01:30:00Z"",""2022-03-06T01:45:00Z"",""2022-03-06T02:00:00Z"",""2022-03-06T02:15:00Z"",""2022-03-06T02:30:00Z"",""2022-03-06T02:45:00Z"",""2022-03-06T03:00:00Z"",""2022-03-06T03:15:00Z"",""2022-03-06T03:30:00Z"",""2022-03-06T03:45:00Z"",""2022-03-06T04:00:00Z"",""2022-03-06T04:15:00Z"",""2022-03-06T04:30:00Z"",""2022-03-06T04:45:00Z""]",null,unavailable,county_outage_5pct_v1,UncoveredLabel,,unavailable,,,,[],unavailable,[],[],"[""Outside initial Minnesota focus; retained only as an unaccepted expansion candidate."",""Recategorised from non-tropical high wind to convective wind. The only cited source event, 1012888, is EVENT_TYPE=Thunderstorm Wind; NCEI records no non-thunderstorm High Wind or Strong Wind event in Illinois on 5-6 March 2022; and the non-thunderstorm gusts the NWS Chicago page lists (Rockford 63 mph, Aurora Municipal 55 mph, O'Hare/Midway/Wheeling, Waukegan, Peotone) are in Winnebago, DuPage, Cook, Lake and Will counties, not Kane, and are not cited here.""]",[]
il-2022-04-14-high-wind,sys-2022-04-14-great-lakes-low,non-tropical high wind,[],"[""1015187""]",false,accepted,il-2022-04-14-high-wind-17031-1800,17031,TIGER/Line 2024 pending county crosswalk verification,il-2022-04-14-high-wind-replay,2022-04-14T18:00:00Z,2022-04-15T00:00:00Z,accepted,replay,covered,authoritative_event_report,observed,,,[],"{""limitations"":""Zone report establishes occurrence for the named zone only; it is not a countywide measurement or a time series."",""scope_identifier"":""IL Central Cook County zone"",""source_event_ids"":[""1015187""],""source_window"":{""end_utc"":""2022-04-14T21:13:00Z"",""start_utc"":""2022-04-14T20:40:00Z""},""spatial_scope"":""zone""}",covered,time_series_or_grid,observed,24,24,[],null,matched,county_outage_5pct_v1,unavailable,,unavailable,,,,"[""ncei-stormevents-2022"",""eaglei-2022-42547897-20220414t180000-20220415t000000""]",available,"[""eaglei-2022-42547897-20220414t180000-20220415t000000:17031:2022-04-14 18:00:00Z"",""eaglei-2022-42547897-20220414t180000-20220415t000000:17031:2022-04-14 18:15:00Z"",""eaglei-2022-42547897-20220414t180000-20220415t000000:17031:2022-04-14 18:30:00Z"",""eaglei-2022-42547897-20220414t180000-20220415t000000:17031:2022-04-14 18:45:00Z"",""eaglei-2022-42547897-20220414t180000-20220415t000000:17031:2022-04-14 19:00:00Z"",""eaglei-2022-42547897-20220414t180000-20220415t000000:17031:2022-04-14 19:15:00Z"",""eaglei-2022-42547897-20220414t180000-20220415t000000:17031:2022-04-14 19:30:00Z"",""eaglei-2022-42547897-20220414t180000-20220415t000000:17031:2022-04-14 19:45:00Z"",""eaglei-2022-42547897-20220414t180000-20220415t000000:17031:2022-04-14 20:00:00Z"",""eaglei-2022-42547897-20220414t180000-20220415t000000:17031:2022-04-14 20:15:00Z"",""eaglei-2022-42547897-20220414t180000-20220415t000000:17031:2022-04-14 20:30:00Z"",""eaglei-2022-42547897-20220414t180000-20220415t000000:17031:2022-04-14 20:45:00Z"",""eaglei-2022-42547897-20220414t180000-20220415t000000:17031:2022-04-14 21:00:00Z"",""eaglei-2022-42547897-20220414t180000-20220415t000000:17031:2022-04-14 21:15:00Z"",""eaglei-2022-42547897-20220414t180000-20220415t000000:17031:2022-04-14 21:30:00Z"",""eaglei-2022-42547897-20220414t180000-20220415t000000:17031:2022-04-14 21:45:00Z"",""eaglei-2022-42547897-20220414t180000-20220415t000000:17031:2022-04-14 22:00:00Z"",""eaglei-2022-42547897-20220414t180000-20220415t000000:17031:2022-04-14 22:15:00Z"",""eaglei-2022-42547897-20220414t180000-20220415t000000:17031:2022-04-14 22:30:00Z"",""eaglei-2022-42547897-20220414t180000-20220415t000000:17031:2022-04-14 22:45:00Z"",""eaglei-2022-42547897-20220414t180000-20220415t000000:17031:2022-04-14 23:00:00Z"",""eaglei-2022-42547897-20220414t180000-20220415t000000:17031:2022-04-14 23:15:00Z"",""eaglei-2022-42547897-20220414t180000-20220415t000000:17031:2022-04-14 23:30:00Z"",""eaglei-2022-42547897-20220414t180000-20220415t000000:17031:2022-04-14 23:45:00Z""]","[{""county_fips"":""17031"",""end_utc"":""2022-04-15T00:00:00Z"",""receipt_id"":""eaglei-2022-42547897-20220414t180000-20220415t000000"",""start_utc"":""2022-04-14T18:00:00Z""}]","[""Outside initial Minnesota focus; no matched coverage evidence.""]",[]
mi-2020-heavy-rain-flood,mi-2020-heavy-rain-flood,heavy_rain,"[""river_flood"",""dam_failure""]","[""usgs:mi-2020-tittabawassee""]",true,candidate_only,mi-2020-heavy-rain-flood-26111-2020-05-19t00z,26111,Census 2024 county-equivalent FIPS,mi-2020-heavy-rain-flood-replay,2020-05-19T00:00:00Z,2020-05-19T06:00:00Z,candidate_only,replay,uncovered,not_assessed,not_applicable,,,[],null,covered,time_series_or_grid,observed,24,24,[],null,unavailable,county_outage_5pct_v1,unavailable,85,unavailable,,,,"[""usgs-mi-2020-flood"",""eaglei-2020-42547894-20200519t000000-20200519t060000""]",available,"[""eaglei-2020-42547894-20200519t000000-20200519t060000:fips_code=26111|run_start_time=2020-05-19T00:00:00Z""]","[{""county_fips"":""26111"",""end_utc"":""2020-05-19T06:00:00Z"",""receipt_id"":""eaglei-2020-42547894-20200519t000000-20200519t060000"",""start_utc"":""2020-05-19T00:00:00Z""}]","[""Complete EAGLE-I outage coverage exists, but a matched county weather evidence source has not been established.""]","[""Do not attribute any county outage to flooding or dam failure without causal evidence.""]"
midwest-2020-08-10-corn-belt-derecho,sys-2020-08-10-corn-belt-derecho,convective wind,"[""tornado""]","[""915999"",""916103""]",true,candidate_only,midwest-2020-08-10-corn-belt-derecho-19113-1200,19113,TIGER/Line 2024 pending county crosswalk verification,midwest-2020-08-10-corn-belt-derecho-replay,2020-08-10T12:00:00Z,2020-08-10T18:00:00Z,candidate_only,replay,covered,authoritative_event_report,observed,,,[],"{""limitations"":""County event report establishes occurrence and interval only; it is not a weather time series or countywide damage measurement."",""scope_identifier"":""IA Linn County"",""source_event_ids"":[""916103""],""source_window"":{""end_utc"":""2020-08-10T18:50:00Z"",""start_utc"":""2020-08-10T17:30:00Z""},""spatial_scope"":""county""}",UncoveredLabel,not_assessed,not_applicable,,,[],null,unavailable,county_outage_5pct_v1,UncoveredLabel,,unavailable,,,,"[""ncei-stormevents-2020""]",unavailable,[],[],"[""Embedded tornado reporting remains a compound component; NCEI tornado evidence is path-specific rather than countywide."",""Customer denominator is unavailable, so no outage rate or positive label is computed."",""County window realigned from 15:00Z to the canonical 00/06/12/18 UTC slot 12:00-18:00Z (docs/specs/02-outage-model.md). NCEI 916103 runs 11:30-12:50 CZ_TIMEZONE CST-6 = 2020-08-10T17:30-18:50Z, whose onset falls in that slot."",""Acceptance withdrawn with the window realignment. The committed EAGLE-I series is a complete 24/24 capture of 2020-08-10T15:00-21:00Z, which is not a canonical six-hour slot and overlaps the corrected 12:00-18:00Z window by only twelve intervals, so it cannot support a matched coverage decision for this record. Re-accepting this row needs a fresh EAGLE-I capture of 19113 over 2020-08-10T12:00-18:00Z.""]",[]
midwest-2021-12-15-serial-derecho,sys-2021-12-15-central-plains-low,convective wind,"[""tornado"",""non-tropical high wind"",""winter weather""]","[""989994"",""994707""]",true,candidate_only,midwest-2021-12-15-serial-derecho-27043-0000,27043,TIGER/Line 2024 pending county crosswalk verification,midwest-2021-12-15-serial-derecho-replay,2021-12-16T00:00:00Z,2021-12-16T06:00:00Z,shortfall,replay,uncovered,authoritative_event_report,observed,,,[],"{""limitations"":""County tornado report establishes a path occurrence only; it is not countywide damage or a time series."",""scope_identifier"":""MN Faribault County"",""source_event_ids"":[""994707""],""source_window"":{""end_utc"":""2021-12-16T00:51:00Z"",""start_utc"":""2021-12-16T00:50:00Z""},""spatial_scope"":""county""}",UncoveredLabel,time_series_or_grid,observed,24,7,"[""2021-12-16T00:00:00Z"",""2021-12-16T00:15:00Z"",""2021-12-16T00:30:00Z"",""2021-12-16T00:45:00Z"",""2021-12-16T01:00:00Z"",""2021-12-16T01:15:00Z"",""2021-12-16T01:30:00Z"",""2021-12-16T01:45:00Z"",""2021-12-16T02:00:00Z"",""2021-12-16T02:15:00Z"",""2021-12-16T02:30:00Z"",""2021-12-16T02:45:00Z"",""2021-12-16T03:00:00Z"",""2021-12-16T03:15:00Z"",""2021-12-16T03:30:00Z"",""2021-12-16T03:45:00Z"",""2021-12-16T04:00:00Z""]",null,unavailable,county_outage_5pct_v1,UncoveredLabel,,unavailable,,,,[],unavailable,[],[],"[""County outage match pending EAGLE-I extraction."",""Gradient winds after convection are a component, not an independent high-wind event.""]",[]
midwest-2022-05-12-derecho,sys-2022-05-12-midwest-derecho,convective wind,"[""tornado""]","[""1033188""]",true,candidate_only,midwest-2022-05-12-derecho-27073-0000,27073,TIGER/Line 2024 pending county crosswalk verification,midwest-2022-05-12-derecho-replay,2022-05-12T18:00:00Z,2022-05-13T00:00:00Z,shortfall,replay,uncovered,authoritative_event_report,observed,,,[],"{""limitations"":""County event report establishes occurrence and interval only; it is not a weather time series or countywide measurement."",""scope_identifier"":""MN Lac qui Parle County"",""source_event_ids"":[""1033188""],""source_window"":{""end_utc"":""2022-05-12T23:17:00Z"",""start_utc"":""2022-05-12T23:11:00Z""},""spatial_scope"":""county""}",UncoveredLabel,time_series_or_grid,observed,24,3,"[""2022-05-12T18:00:00Z"",""2022-05-12T18:15:00Z"",""2022-05-12T18:30:00Z"",""2022-05-12T18:45:00Z"",""2022-05-12T19:00:00Z"",""2022-05-12T19:15:00Z"",""2022-05-12T19:30:00Z"",""2022-05-12T19:45:00Z"",""2022-05-12T20:00:00Z"",""2022-05-12T20:15:00Z"",""2022-05-12T20:30:00Z"",""2022-05-12T20:45:00Z"",""2022-05-12T21:00:00Z"",""2022-05-12T21:15:00Z"",""2022-05-12T21:30:00Z"",""2022-05-12T21:45:00Z"",""2022-05-12T22:00:00Z"",""2022-05-12T22:15:00Z"",""2022-05-12T22:30:00Z"",""2022-05-12T22:45:00Z"",""2022-05-12T23:00:00Z""]",null,unavailable,county_outage_5pct_v1,UncoveredLabel,,unavailable,,,,[],unavailable,[],[],"[""County weather/outage coverage remains pending."",""The May 13 gradient-wind phase shares this parent system and is not independent.""]",[]
minnesota-2019-07-19-northland-derecho,sys-2019-07-19-northland-derecho,convective wind,"[""hail""]","[""843853"",""843854""]",true,candidate_only,minnesota-2019-07-19-northland-derecho-27115-1800,27115,TIGER/Line 2024 pending county crosswalk verification,minnesota-2019-07-19-northland-derecho-replay,2019-07-19T18:00:00Z,2019-07-20T00:00:00Z,shortfall,replay,uncovered,not_assessed,not_applicable,,,[],null,UncoveredLabel,time_series_or_grid,observed,24,9,"[""2019-07-19T18:00:00Z"",""2019-07-19T18:15:00Z"",""2019-07-19T18:30:00Z"",""2019-07-19T18:45:00Z"",""2019-07-19T19:00:00Z"",""2019-07-19T19:15:00Z"",""2019-07-19T19:30:00Z"",""2019-07-19T22:00:00Z"",""2019-07-19T22:15:00Z"",""2019-07-19T22:30:00Z"",""2019-07-19T22:45:00Z"",""2019-07-19T23:00:00Z"",""2019-07-19T23:15:00Z"",""2019-07-19T23:30:00Z"",""2019-07-19T23:45:00Z""]",null,unavailable,county_outage_5pct_v1,UncoveredLabel,,unavailable,,,,[],unavailable,[],[],"[""Event timing and county source IDs require NCEI verification."",""No matched county outage evidence yet.""]",[]
minnesota-2022-05-30-severe,sys-2022-05-30-mn-severe,convective wind,"[""tornado""]","[""1031070"",""1031071""]",true,candidate_only,minnesota-2022-05-30-severe-27145-1800,27145,TIGER/Line 2024 pending county crosswalk verification,minnesota-2022-05-30-severe-replay,2022-05-30T18:00:00Z,2022-05-31T00:00:00Z,shortfall,replay,uncovered,authoritative_event_report,observed,,,[],"{""limitations"":""County thunderstorm-wind report establishes occurrence and interval only; it is not a time series. NCEI 1031070 is an instantaneous report (BEGIN == END at 17:40 CZ_TIMEZONE CST-6 = 2022-05-30T23:40Z); the source_window end is widened by one minute so that end > start, and the widening carries no claim of duration."",""scope_identifier"":""MN Stearns County"",""source_event_ids"":[""1031070""],""source_window"":{""end_utc"":""2022-05-30T23:41:00Z"",""start_utc"":""2022-05-30T23:40:00Z""},""spatial_scope"":""county""}",UncoveredLabel,not_assessed,not_applicable,,,[],null,unavailable,county_outage_5pct_v1,UncoveredLabel,,unavailable,,,,[],unavailable,[],[],"[""Archived summary must be supplemented by NCEI source IDs before acceptance."",""No matched county outage evidence yet."",""Record county corrected from 27121 (Pope) to 27145 (Stearns): both cited events, 1031070 and 1031071, are NCEI CZ_FIPS 145 STEARNS rows and the attached county report is MN Stearns County.""]",[]
mn-2018-01-01-arctic,upper_midwest_2018-01-01_arctic,extreme_cold,[],"[""726380""]",false,candidate_only,mn-2018-01-01-arctic-27013-20180101t120000z,27013,Census TIGER/Line 2024,mn-2018-01-01-arctic-replay,2018-01-01T12:00:00Z,2018-01-01T18:00:00Z,candidate_only,replay,covered,authoritative_event_report,observed,,,[],"{""limitations"":""NCEI weather-zone report; not a county time series."",""scope_identifier"":""CZ_FIPS:083"",""source_event_ids"":[""726380""],""source_window"":{""end_utc"":""2018-01-01T14:00:00Z"",""start_utc"":""2018-01-01T06:00:00Z""},""spatial_scope"":""zone""}",UncoveredLabel,time_series_or_grid,observed,24,0,"[""2018-01-01T12:00:00Z"",""2018-01-01T12:15:00Z"",""2018-01-01T12:30:00Z"",""2018-01-01T12:45:00Z"",""2018-01-01T13:00:00Z"",""2018-01-01T13:15:00Z"",""2018-01-01T13:30:00Z"",""2018-01-01T13:45:00Z"",""2018-01-01T14:00:00Z"",""2018-01-01T14:15:00Z"",""2018-01-01T14:30:00Z"",""2018-01-01T14:45:00Z"",""2018-01-01T15:00:00Z"",""2018-01-01T15:15:00Z"",""2018-01-01T15:30:00Z"",""2018-01-01T15:45:00Z"",""2018-01-01T16:00:00Z"",""2018-01-01T16:15:00Z"",""2018-01-01T16:30:00Z"",""2018-01-01T16:45:00Z"",""2018-01-01T17:00:00Z"",""2018-01-01T17:15:00Z"",""2018-01-01T17:30:00Z"",""2018-01-01T17:45:00Z""]",null,unavailable,county_outage_5pct_v1,UncoveredLabel,,unavailable,,,,"[""ncei_stormevents_2018"",""eaglei-2018-42547879-20180101t120000-20180101t180000""]",unavailable,[],[],"[""EAGLE-I and canonical county/zone weather coverage have not been collected for this candidate; it cannot be accepted.""]",[]
mn-2019-01-27-arctic,upper_midwest_2019-01-27_arctic,extreme_cold,[],"[""800140""]",false,accepted,mn-2019-01-27-arctic-27053-20190130t1200z,27053,Census TIGER/Line 2024,mn-2019-01-27-arctic-replay,2019-01-30T12:00:00Z,2019-01-30T18:00:00Z,accepted,replay,covered,authoritative_event_report,observed,,,[],"{""limitations"":""NWS zone report; it is not a county time series."",""scope_identifier"":""CZ_FIPS:060"",""source_event_ids"":[""800140""],""source_window"":{""end_utc"":""2019-01-31T12:00:00Z"",""start_utc"":""2019-01-29T20:00:00Z""},""spatial_scope"":""zone""}",covered,time_series_or_grid,observed,24,24,[],null,matched,county_outage_5pct_v1,unavailable,,unavailable,,,,"[""ncei_stormevents_2019"",""eaglei-2019-42547885-mn-2019-01-27-arctic-27053-20190130120000-20190130t120000-20190130t180000""]",available,"[""eaglei-2019-42547885-mn-2019-01-27-arctic-27053-20190130120000-20190130t120000-20190130t180000:27053|2019-01-30 12:00:00"",""eaglei-2019-42547885-mn-2019-01-27-arctic-27053-20190130120000-20190130t120000-20190130t180000:27053|2019-01-30 12:15:00"",""eaglei-2019-42547885-mn-2019-01-27-arctic-27053-20190130120000-20190130t120000-20190130t180000:27053|2019-01-30 12:30:00"",""eaglei-2019-42547885-mn-2019-01-27-arctic-27053-20190130120000-20190130t120000-20190130t180000:27053|2019-01-30 12:45:00"",""eaglei-2019-42547885-mn-2019-01-27-arctic-27053-20190130120000-20190130t120000-20190130t180000:27053|2019-01-30 13:00:00"",""eaglei-2019-42547885-mn-2019-01-27-arctic-27053-20190130120000-20190130t120000-20190130t180000:27053|2019-01-30 13:15:00"",""eaglei-2019-42547885-mn-2019-01-27-arctic-27053-20190130120000-20190130t120000-20190130t180000:27053|2019-01-30 13:30:00"",""eaglei-2019-42547885-mn-2019-01-27-arctic-27053-20190130120000-20190130t120000-20190130t180000:27053|2019-01-30 13:45:00"",""eaglei-2019-42547885-mn-2019-01-27-arctic-27053-20190130120000-20190130t120000-20190130t180000:27053|2019-01-30 14:00:00"",""eaglei-2019-42547885-mn-2019-01-27-arctic-27053-20190130120000-20190130t120000-20190130t180000:27053|2019-01-30 14:15:00"",""eaglei-2019-42547885-mn-2019-01-27-arctic-27053-20190130120000-20190130t120000-20190130t180000:27053|2019-01-30 14:30:00"",""eaglei-2019-42547885-mn-2019-01-27-arctic-27053-20190130120000-20190130t120000-20190130t180000:27053|2019-01-30 14:45:00"",""eaglei-2019-42547885-mn-2019-01-27-arctic-27053-20190130120000-20190130t120000-20190130t180000:27053|2019-01-30 15:00:00"",""eaglei-2019-42547885-mn-2019-01-27-arctic-27053-20190130120000-20190130t120000-20190130t180000:27053|2019-01-30 15:15:00"",""eaglei-2019-42547885-mn-2019-01-27-arctic-27053-20190130120000-20190130t120000-20190130t180000:27053|2019-01-30 15:30:00"",""eaglei-2019-42547885-mn-2019-01-27-arctic-27053-20190130120000-20190130t120000-20190130t180000:27053|2019-01-30 15:45:00"",""eaglei-2019-42547885-mn-2019-01-27-arctic-27053-20190130120000-20190130t120000-20190130t180000:27053|2019-01-30 16:00:00"",""eaglei-2019-42547885-mn-2019-01-27-arctic-27053-20190130120000-20190130t120000-20190130t180000:27053|2019-01-30 16:15:00"",""eaglei-2019-42547885-mn-2019-01-27-arctic-27053-20190130120000-20190130t120000-20190130t180000:27053|2019-01-30 16:30:00"",""eaglei-2019-42547885-mn-2019-01-27-arctic-27053-20190130120000-20190130t120000-20190130t180000:27053|2019-01-30 16:45:00"",""eaglei-2019-42547885-mn-2019-01-27-arctic-27053-20190130120000-20190130t120000-20190130t180000:27053|2019-01-30 17:00:00"",""eaglei-2019-42547885-mn-2019-01-27-arctic-27053-20190130120000-20190130t120000-20190130t180000:27053|2019-01-30 17:15:00"",""eaglei-2019-42547885-mn-2019-01-27-arctic-27053-20190130120000-20190130t120000-20190130t180000:27053|2019-01-30 17:30:00"",""eaglei-2019-42547885-mn-2019-01-27-arctic-27053-20190130120000-20190130t120000-20190130t180000:27053|2019-01-30 17:45:00""]","[{""county_fips"":""27053"",""end_utc"":""2019-01-30T18:00:00Z"",""receipt_id"":""eaglei-2019-42547885-mn-2019-01-27-arctic-27053-20190130120000-20190130t120000-20190130t180000"",""start_utc"":""2019-01-30T12:00:00Z""}]","[""Customer denominator unavailable; no outage rate or five-percent label asserted.""]",[]
mn-2019-04-10-ice,upper_midwest_2019-04-10_cyclone,ice_storm,"[""blizzard"",""heavy_snow"",""strong_wind""]","[""ncei:2019:139802:840941""]",true,candidate_only,mn-2019-04-10-ice-27063-20190410t1800z,27063,Census TIGER/Line 2024,mn-2019-04-10-ice-replay,2019-04-10T18:00:00Z,2019-04-11T00:00:00Z,candidate_only,replay,covered,authoritative_event_report,observed,,,[],"{""limitations"":""Zone report intersects final three hours of the canonical bin; not a county time series."",""scope_identifier"":""NCEI MN zone 090 JACKSON"",""source_event_ids"":[""ncei:2019:139802:840941""],""source_window"":{""end_utc"":""2019-04-11T21:00:00Z"",""start_utc"":""2019-04-10T21:00:00Z""},""spatial_scope"":""zone""}",UncoveredLabel,time_series_or_grid,observed,24,0,"[""2019-04-10T18:00:00Z"",""2019-04-10T18:15:00Z"",""2019-04-10T18:30:00Z"",""2019-04-10T18:45:00Z"",""2019-04-10T19:00:00Z"",""2019-04-10T19:15:00Z"",""2019-04-10T19:30:00Z"",""2019-04-10T19:45:00Z"",""2019-04-10T20:00:00Z"",""2019-04-10T20:15:00Z"",""2019-04-10T20:30:00Z"",""2019-04-10T20:45:00Z"",""2019-04-10T21:00:00Z"",""2019-04-10T21:15:00Z"",""2019-04-10T21:30:00Z"",""2019-04-10T21:45:00Z"",""2019-04-10T22:00:00Z"",""2019-04-10T22:15:00Z"",""2019-04-10T22:30:00Z"",""2019-04-10T22:45:00Z"",""2019-04-10T23:00:00Z"",""2019-04-10T23:15:00Z"",""2019-04-10T23:30:00Z"",""2019-04-10T23:45:00Z""]",null,unavailable,county_outage_5pct_v1,UncoveredLabel,,unavailable,,,,"[""ncei_stormevents_2019_c20260323"",""nws_fsd_20190410_ice"",""eaglei-2019-42547885-mn-2019-04-10-ice-27063-20190410180000-20190410t180000-20190411t000000""]",unavailable,[],[],"[""NCEI CZ_TYPE=Z record is zone rather than county evidence."",""The qualified exhaustive EAGLE-I annual scan found no county observations in this canonical window; that is UncoveredLabel, never zero."",""No native customer denominator is available.""]",[]
mn-2020-02-12-arctic,upper_midwest_2020-02-12_arctic,extreme_cold,[],"[""868457""]",false,candidate_only,mn-2020-02-12-arctic-27149-20200213t000000z,27149,Census TIGER/Line 2024,mn-2020-02-12-arctic-replay,2020-02-13T00:00:00Z,2020-02-13T06:00:00Z,candidate_only,replay,covered,authoritative_event_report,observed,,,[],"{""limitations"":""NCEI weather-zone report; not a county time series."",""scope_identifier"":""CZ_FIPS:047"",""source_event_ids"":[""868457""],""source_window"":{""end_utc"":""2020-02-13T16:00:00Z"",""start_utc"":""2020-02-12T18:00:00Z""},""spatial_scope"":""zone""}",UncoveredLabel,time_series_or_grid,observed,24,0,"[""2020-02-13T00:00:00Z"",""2020-02-13T00:15:00Z"",""2020-02-13T00:30:00Z"",""2020-02-13T00:45:00Z"",""2020-02-13T01:00:00Z"",""2020-02-13T01:15:00Z"",""2020-02-13T01:30:00Z"",""2020-02-13T01:45:00Z"",""2020-02-13T02:00:00Z"",""2020-02-13T02:15:00Z"",""2020-02-13T02:30:00Z"",""2020-02-13T02:45:00Z"",""2020-02-13T03:00:00Z"",""2020-02-13T03:15:00Z"",""2020-02-13T03:30:00Z"",""2020-02-13T03:45:00Z"",""2020-02-13T04:00:00Z"",""2020-02-13T04:15:00Z"",""2020-02-13T04:30:00Z"",""2020-02-13T04:45:00Z"",""2020-02-13T05:00:00Z"",""2020-02-13T05:15:00Z"",""2020-02-13T05:30:00Z"",""2020-02-13T05:45:00Z""]",null,unavailable,county_outage_5pct_v1,UncoveredLabel,,unavailable,,,,"[""ncei_stormevents_2020"",""eaglei-2020-42547894-20200213t000000-20200213t060000""]",unavailable,[],[],"[""The EAGLE-I annual traversal does not provide a complete 24-sample outage window; no zero imputation, outage rate, or five-percent label is asserted.""]",[]
mn-2020-11-10-ice,upper_midwest_2020-11-09_ice,ice_storm,[],"[""ncei:2020:152799:920540""]",false,candidate_only,mn-2020-11-10-ice-27047-20201110t1200z,27047,Census TIGER/Line 2024,mn-2020-11-10-ice-replay,2020-11-10T12:00:00Z,2020-11-10T18:00:00Z,candidate_only,replay,covered,authoritative_event_report,observed,,,[],"{""limitations"":""Zone report intersects the canonical bin; not a county time series."",""scope_identifier"":""NCEI MN zone 093 FREEBORN"",""source_event_ids"":[""ncei:2020:152799:920540""],""source_window"":{""end_utc"":""2020-11-10T17:30:00Z"",""start_utc"":""2020-11-10T14:30:00Z""},""spatial_scope"":""zone""}",UncoveredLabel,time_series_or_grid,observed,24,0,"[""2020-11-10T12:00:00Z"",""2020-11-10T12:15:00Z"",""2020-11-10T12:30:00Z"",""2020-11-10T12:45:00Z"",""2020-11-10T13:00:00Z"",""2020-11-10T13:15:00Z"",""2020-11-10T13:30:00Z"",""2020-11-10T13:45:00Z"",""2020-11-10T14:00:00Z"",""2020-11-10T14:15:00Z"",""2020-11-10T14:30:00Z"",""2020-11-10T14:45:00Z"",""2020-11-10T15:00:00Z"",""2020-11-10T15:15:00Z"",""2020-11-10T15:30:00Z"",""2020-11-10T15:45:00Z"",""2020-11-10T16:00:00Z"",""2020-11-10T16:15:00Z"",""2020-11-10T16:30:00Z"",""2020-11-10T16:45:00Z"",""2020-11-10T17:00:00Z"",""2020-11-10T17:15:00Z"",""2020-11-10T17:30:00Z"",""2020-11-10T17:45:00Z""]",null,unavailable,county_outage_5pct_v1,UncoveredLabel,,unavailable,,,,"[""ncei_stormevents_2020_c20260323"",""eaglei-2020-42547894-20201110t120000-20201110t180000""]",unavailable,[],[],"[""NCEI CZ_TYPE=Z record is zone evidence."",""The qualified exhaustive EAGLE-I annual scan found no county observations in this canonical window; that is UncoveredLabel, never zero."",""No native customer denominator is available.""]",[]
mn-2022-01-25-cold,upper_midwest_2022-01-25_arctic,extreme_cold,[],"[""1002375""]",false,candidate_only,mn-2022-01-25-cold-27151-20220125t060000z,27151,Census TIGER/Line 2024,mn-2022-01-25-cold-replay,2022-01-25T06:00:00Z,2022-01-25T12:00:00Z,candidate_only,replay,covered,authoritative_event_report,observed,,,[],"{""limitations"":""NCEI weather-zone report; not a county time series."",""scope_identifier"":""CZ_FIPS:055"",""source_event_ids"":[""1002375""],""source_window"":{""end_utc"":""2022-01-25T15:00:00Z"",""start_utc"":""2022-01-25T06:15:00Z""},""spatial_scope"":""zone""}",UncoveredLabel,time_series_or_grid,observed,24,0,"[""2022-01-25T06:00:00Z"",""2022-01-25T06:15:00Z"",""2022-01-25T06:30:00Z"",""2022-01-25T06:45:00Z"",""2022-01-25T07:00:00Z"",""2022-01-25T07:15:00Z"",""2022-01-25T07:30:00Z"",""2022-01-25T07:45:00Z"",""2022-01-25T08:00:00Z"",""2022-01-25T08:15:00Z"",""2022-01-25T08:30:00Z"",""2022-01-25T08:45:00Z"",""2022-01-25T09:00:00Z"",""2022-01-25T09:15:00Z"",""2022-01-25T09:30:00Z"",""2022-01-25T09:45:00Z"",""2022-01-25T10:00:00Z"",""2022-01-25T10:15:00Z"",""2022-01-25T10:30:00Z"",""2022-01-25T10:45:00Z"",""2022-01-25T11:00:00Z"",""2022-01-25T11:15:00Z"",""2022-01-25T11:30:00Z"",""2022-01-25T11:45:00Z""]",null,unavailable,county_outage_5pct_v1,UncoveredLabel,,unavailable,,,,"[""ncei_stormevents_2022"",""eaglei-2022-42547897-20220125t060000-20220125t120000""]",unavailable,[],[],"[""The EAGLE-I annual traversal does not provide a complete 24-sample outage window; no zero imputation, outage rate, or five-percent label is asserted.""]",[]
mn-2022-04-06-gradient-wind,sys-2022-04-06-northern-plains-low,non-tropical high wind,[],"[""1025512""]",false,candidate_only,mn-2022-04-06-gradient-wind-27119-1200,27119,TIGER/Line 2024 pending county crosswalk verification,mn-2022-04-06-gradient-wind-replay,2022-04-06T12:00:00Z,2022-04-06T18:00:00Z,shortfall,replay,uncovered,authoritative_event_report,observed,,,[],"{""limitations"":""Zone report establishes occurrence for the named zone only; it is not a countywide measurement or a time series."",""scope_identifier"":""MN East Polk zone"",""source_event_ids"":[""1025512""],""source_window"":{""end_utc"":""2022-04-08T01:00:00Z"",""start_utc"":""2022-04-06T16:00:00Z""},""spatial_scope"":""zone""}",UncoveredLabel,not_assessed,not_applicable,,,[],null,unavailable,county_outage_5pct_v1,UncoveredLabel,,unavailable,,,,[],unavailable,[],[],"[""NCEI weather evidence is zone-scoped (East Polk), rather than a sampled county time series."",""EAGLE-I overlap is pending full annual streaming scan."",""Identifier renamed from 2022-04-05 to 2022-04-06: NCEI 1025512 runs 06-APR-22 10:00 to 07-APR-22 19:00 CZ_TIMEZONE CST-6 = 2022-04-06T16:00Z to 2022-04-08T01:00Z, so the source event begins on 04-06."",""County window realigned from the off-grid 15:00Z start to the canonical 12:00-18:00Z slot (docs/specs/02-outage-model.md).""]",[]
mn-2022-04-23-high-wind,sys-2022-04-23-central-plains-low,non-tropical high wind,[],"[""1023702""]",false,candidate_only,mn-2022-04-23-high-wind-27105-1200,27105,TIGER/Line 2024 pending county crosswalk verification,mn-2022-04-23-high-wind-replay,2022-04-23T12:00:00Z,2022-04-23T18:00:00Z,shortfall,replay,uncovered,authoritative_event_report,observed,,,[],"{""limitations"":""Zone report establishes occurrence for the named zone only; it is not a countywide measurement or a time series."",""scope_identifier"":""MN Nobles zone"",""source_event_ids"":[""1023702""],""source_window"":{""end_utc"":""2022-04-23T22:15:00Z"",""start_utc"":""2022-04-23T16:30:00Z""},""spatial_scope"":""zone""}",UncoveredLabel,time_series_or_grid,observed,24,0,"[""2022-04-23T12:00:00Z"",""2022-04-23T12:15:00Z"",""2022-04-23T12:30:00Z"",""2022-04-23T12:45:00Z"",""2022-04-23T13:00:00Z"",""2022-04-23T13:15:00Z"",""2022-04-23T13:30:00Z"",""2022-04-23T13:45:00Z"",""2022-04-23T14:00:00Z"",""2022-04-23T14:15:00Z"",""2022-04-23T14:30:00Z"",""2022-04-23T14:45:00Z"",""2022-04-23T15:00:00Z"",""2022-04-23T15:15:00Z"",""2022-04-23T15:30:00Z"",""2022-04-23T15:45:00Z"",""2022-04-23T16:00:00Z"",""2022-04-23T16:15:00Z"",""2022-04-23T16:30:00Z"",""2022-04-23T16:45:00Z"",""2022-04-23T17:00:00Z"",""2022-04-23T17:15:00Z"",""2022-04-23T17:30:00Z"",""2022-04-23T17:45:00Z""]",null,unavailable,county_outage_5pct_v1,UncoveredLabel,,unavailable,,,,[],unavailable,[],[],"[""Minnesota county coverage is unverified.""]","[""Do not attribute preceding convective hail to this wind-phase candidate.""]"
mn-2022-06-12-marshall-tornado-hail,sys-2022-06-12-nw-mn-supercell,tornado,"[""hail"",""convective wind""]","[""1041821"",""1041826"",""1041828""]",true,candidate_only,mn-2022-06-12-marshall-tornado-hail-27089-1800,27089,TIGER/Line 2024 pending county crosswalk verification,mn-2022-06-12-marshall-tornado-hail-replay,2022-06-12T18:00:00Z,2022-06-13T00:00:00Z,shortfall,replay,uncovered,authoritative_event_report,observed,,,[],"{""limitations"":""County tornado report establishes occurrence and interval only; it is not a time series and it is not a countywide measurement."",""scope_identifier"":""MN Marshall County"",""source_event_ids"":[""1041826""],""source_window"":{""end_utc"":""2022-06-12T20:53:00Z"",""start_utc"":""2022-06-12T20:48:00Z""},""spatial_scope"":""county""}",UncoveredLabel,time_series_or_grid,observed,24,0,"[""2022-06-12T18:00:00Z"",""2022-06-12T18:15:00Z"",""2022-06-12T18:30:00Z"",""2022-06-12T18:45:00Z"",""2022-06-12T19:00:00Z"",""2022-06-12T19:15:00Z"",""2022-06-12T19:30:00Z"",""2022-06-12T19:45:00Z"",""2022-06-12T20:00:00Z"",""2022-06-12T20:15:00Z"",""2022-06-12T20:30:00Z"",""2022-06-12T20:45:00Z"",""2022-06-12T21:00:00Z"",""2022-06-12T21:15:00Z"",""2022-06-12T21:30:00Z"",""2022-06-12T21:45:00Z"",""2022-06-12T22:00:00Z"",""2022-06-12T22:15:00Z"",""2022-06-12T22:30:00Z"",""2022-06-12T22:45:00Z"",""2022-06-12T23:00:00Z"",""2022-06-12T23:15:00Z"",""2022-06-12T23:30:00Z"",""2022-06-12T23:45:00Z""]",null,unavailable,county_outage_5pct_v1,UncoveredLabel,,unavailable,,,,[],unavailable,[],[],"[""EAGLE-I extraction returned zero observations in priority window."",""Path/survey cannot establish a countywide outage label.""]",[]
mn-2022-06-24-northern-plains,sys-2022-06-24-northern-plains-severe,tornado,"[""hail"",""convective wind"",""flood""]","[""1042825"",""1042829""]",true,candidate_only,mn-2022-06-24-northern-plains-27087-0000,27087,TIGER/Line 2024 pending county crosswalk verification,mn-2022-06-24-northern-plains-replay,2022-06-25T00:00:00Z,2022-06-25T06:00:00Z,shortfall,replay,uncovered,authoritative_event_report,observed,,,[],"{""limitations"":""County tornado report establishes a path occurrence only; it is not countywide damage or a time series."",""scope_identifier"":""MN Mahnomen County"",""source_event_ids"":[""1042829""],""source_window"":{""end_utc"":""2022-06-25T02:23:00Z"",""start_utc"":""2022-06-25T02:16:00Z""},""spatial_scope"":""county""}",UncoveredLabel,time_series_or_grid,observed,24,0,"[""2022-06-25T00:00:00Z"",""2022-06-25T00:15:00Z"",""2022-06-25T00:30:00Z"",""2022-06-25T00:45:00Z"",""2022-06-25T01:00:00Z"",""2022-06-25T01:15:00Z"",""2022-06-25T01:30:00Z"",""2022-06-25T01:45:00Z"",""2022-06-25T02:00:00Z"",""2022-06-25T02:15:00Z"",""2022-06-25T02:30:00Z"",""2022-06-25T02:45:00Z"",""2022-06-25T03:00:00Z"",""2022-06-25T03:15:00Z"",""2022-06-25T03:30:00Z"",""2022-06-25T03:45:00Z"",""2022-06-25T04:00:00Z"",""2022-06-25T04:15:00Z"",""2022-06-25T04:30:00Z"",""2022-06-25T04:45:00Z"",""2022-06-25T05:00:00Z"",""2022-06-25T05:15:00Z"",""2022-06-25T05:30:00Z"",""2022-06-25T05:45:00Z""]",null,unavailable,county_outage_5pct_v1,UncoveredLabel,,unavailable,,,,[],unavailable,[],[],"[""Mixed hazards require parent-system grouping."",""No matched county coverage yet.""]",[]
mn-2022-11-10-ice,upper_midwest_2022-11-10_colorado_low,ice_storm,[],"[""ncei:2022:175528:1065063""]",false,candidate_only,mn-2022-11-10-ice-27031-20221110t1800z,27031,Census TIGER/Line 2024,mn-2022-11-10-ice-replay,2022-11-10T18:00:00Z,2022-11-11T00:00:00Z,candidate_only,replay,covered,authoritative_event_report,observed,,,[],"{""limitations"":""Zone report intersects the canonical bin but does not establish county-wide conditions."",""scope_identifier"":""NCEI MN zone 012 NORTHERN COOK / NORTHERN LAKE"",""source_event_ids"":[""ncei:2022:175528:1065063""],""source_window"":{""end_utc"":""2022-11-11T03:00:00Z"",""start_utc"":""2022-11-10T16:00:00Z""},""spatial_scope"":""zone""}",UncoveredLabel,time_series_or_grid,observed,24,0,"[""2022-11-10T18:00:00Z"",""2022-11-10T18:15:00Z"",""2022-11-10T18:30:00Z"",""2022-11-10T18:45:00Z"",""2022-11-10T19:00:00Z"",""2022-11-10T19:15:00Z"",""2022-11-10T19:30:00Z"",""2022-11-10T19:45:00Z"",""2022-11-10T20:00:00Z"",""2022-11-10T20:15:00Z"",""2022-11-10T20:30:00Z"",""2022-11-10T20:45:00Z"",""2022-11-10T21:00:00Z"",""2022-11-10T21:15:00Z"",""2022-11-10T21:30:00Z"",""2022-11-10T21:45:00Z"",""2022-11-10T22:00:00Z"",""2022-11-10T22:15:00Z"",""2022-11-10T22:30:00Z"",""2022-11-10T22:45:00Z"",""2022-11-10T23:00:00Z"",""2022-11-10T23:15:00Z"",""2022-11-10T23:30:00Z"",""2022-11-10T23:45:00Z""]",null,unavailable,county_outage_5pct_v1,UncoveredLabel,,unavailable,,,,"[""ncei_stormevents_2022_c20260625_nov"",""eaglei-2022-42547897-20221110t180000-20221111t000000""]",unavailable,[],[],"[""NCEI zone 012 spans Northern Cook/Northern Lake, so it is retained as zone-scope weather evidence for the Cook County candidate."",""The qualified exhaustive EAGLE-I annual scan found no county observations in this canonical window; that is UncoveredLabel, never zero."",""No native customer denominator is available.""]",[]
mn-2022-12-12-ice,upper_midwest_2022-12-12_winter_storm,ice_storm,[],"[""ncei:2022:176409:1071180""]",false,candidate_only,mn-2022-12-12-ice-27105-20221212t1800z,27105,Census TIGER/Line 2024,mn-2022-12-12-ice-replay,2022-12-12T18:00:00Z,2022-12-13T00:00:00Z,candidate_only,replay,covered,authoritative_event_report,observed,,,[],"{""limitations"":""Zone report intersects only the final hour of the canonical bin; not a county time series."",""scope_identifier"":""NCEI MN zone 089 NOBLES"",""source_event_ids"":[""ncei:2022:176409:1071180""],""source_window"":{""end_utc"":""2022-12-13T12:00:00Z"",""start_utc"":""2022-12-12T23:00:00Z""},""spatial_scope"":""zone""}",UncoveredLabel,time_series_or_grid,observed,24,0,"[""2022-12-12T18:00:00Z"",""2022-12-12T18:15:00Z"",""2022-12-12T18:30:00Z"",""2022-12-12T18:45:00Z"",""2022-12-12T19:00:00Z"",""2022-12-12T19:15:00Z"",""2022-12-12T19:30:00Z"",""2022-12-12T19:45:00Z"",""2022-12-12T20:00:00Z"",""2022-12-12T20:15:00Z"",""2022-12-12T20:30:00Z"",""2022-12-12T20:45:00Z"",""2022-12-12T21:00:00Z"",""2022-12-12T21:15:00Z"",""2022-12-12T21:30:00Z"",""2022-12-12T21:45:00Z"",""2022-12-12T22:00:00Z"",""2022-12-12T22:15:00Z"",""2022-12-12T22:30:00Z"",""2022-12-12T22:45:00Z"",""2022-12-12T23:00:00Z"",""2022-12-12T23:15:00Z"",""2022-12-12T23:30:00Z"",""2022-12-12T23:45:00Z""]",null,unavailable,county_outage_5pct_v1,UncoveredLabel,,unavailable,,,,"[""ncei_stormevents_2022_c20260625_dec"",""eaglei-2022-42547897-20221212t180000-20221213t000000""]",unavailable,[],[],"[""NCEI CZ_TYPE=Z record is zone evidence."",""The 18:00Z canonical window has only a one-hour intersection with the NCEI report; it is retained as a candidate, not an accepted event."",""The qualified exhaustive EAGLE-I annual scan found no county observations in this canonical window; that is UncoveredLabel, never zero."",""No native customer denominator is available.""]",[]
mn-2022-12-21-arctic,upper_midwest_2022-12-21_arctic_cyclone,extreme_cold,"[""blizzard"",""heavy_snow""]","[""1064375""]",true,candidate_only,mn-2022-12-21-arctic-27053-20221223t120000z,27053,Census TIGER/Line 2024,mn-2022-12-21-arctic-replay,2022-12-23T12:00:00Z,2022-12-23T18:00:00Z,candidate_only,replay,covered,authoritative_event_report,observed,,,[],"{""limitations"":""NCEI weather-zone report; not a county time series."",""scope_identifier"":""CZ_FIPS:060"",""source_event_ids"":[""1064375""],""source_window"":{""end_utc"":""2022-12-24T14:00:00Z"",""start_utc"":""2022-12-23T11:00:00Z""},""spatial_scope"":""zone""}",UncoveredLabel,time_series_or_grid,observed,24,15,"[""2022-12-23T12:00:00Z"",""2022-12-23T12:15:00Z"",""2022-12-23T12:30:00Z"",""2022-12-23T12:45:00Z"",""2022-12-23T13:45:00Z"",""2022-12-23T14:15:00Z"",""2022-12-23T14:30:00Z"",""2022-12-23T16:30:00Z"",""2022-12-23T16:45:00Z""]",null,unavailable,county_outage_5pct_v1,UncoveredLabel,,unavailable,,,,"[""ncei_stormevents_2022"",""eaglei-2022-42547897-20221223t120000-20221223t180000""]",available,"[""eaglei-2022-42547897-20221223t120000-20221223t180000:27053|2022-12-23 13:00:00"",""eaglei-2022-42547897-20221223t120000-20221223t180000:27053|2022-12-23 13:15:00"",""eaglei-2022-42547897-20221223t120000-20221223t180000:27053|2022-12-23 13:30:00"",""eaglei-2022-42547897-20221223t120000-20221223t180000:27053|2022-12-23 14:00:00"",""eaglei-2022-42547897-20221223t120000-20221223t180000:27053|2022-12-23 14:45:00"",""eaglei-2022-42547897-20221223t120000-20221223t180000:27053|2022-12-23 15:00:00"",""eaglei-2022-42547897-20221223t120000-20221223t180000:27053|2022-12-23 15:15:00"",""eaglei-2022-42547897-20221223t120000-20221223t180000:27053|2022-12-23 15:30:00"",""eaglei-2022-42547897-20221223t120000-20221223t180000:27053|2022-12-23 15:45:00"",""eaglei-2022-42547897-20221223t120000-20221223t180000:27053|2022-12-23 16:00:00"",""eaglei-2022-42547897-20221223t120000-20221223t180000:27053|2022-12-23 16:15:00"",""eaglei-2022-42547897-20221223t120000-20221223t180000:27053|2022-12-23 17:00:00"",""eaglei-2022-42547897-20221223t120000-20221223t180000:27053|2022-12-23 17:15:00"",""eaglei-2022-42547897-20221223t120000-20221223t180000:27053|2022-12-23 17:30:00"",""eaglei-2022-42547897-20221223t120000-20221223t180000:27053|2022-12-23 17:45:00""]","[{""county_fips"":""27053"",""end_utc"":""2022-12-23T18:00:00Z"",""receipt_id"":""eaglei-2022-42547897-20221223t120000-20221223t180000"",""start_utc"":""2022-12-23T12:00:00Z""}]","[""The EAGLE-I annual traversal does not provide a complete 24-sample outage window; no zero imputation, outage rate, or five-percent label is asserted.""]",[]
mn-2024-05-21-tornadoes,sys-2024-05-21-southern-mn-severe,tornado,"[""convective wind""]","[""1207982"",""1207983""]",true,candidate_only,mn-2024-05-21-tornadoes-27091-1800,27091,TIGER/Line 2024 pending county crosswalk verification,mn-2024-05-21-tornadoes-replay,2024-05-21T18:00:00Z,2024-05-22T00:00:00Z,shortfall,replay,uncovered,authoritative_event_report,observed,,,[],"{""limitations"":""County tornado report establishes a path occurrence only; it is not countywide damage or a time series."",""scope_identifier"":""MN Martin County"",""source_event_ids"":[""1207982""],""source_window"":{""end_utc"":""2024-05-21T20:51:00Z"",""start_utc"":""2024-05-21T20:48:00Z""},""spatial_scope"":""county""}",UncoveredLabel,time_series_or_grid,observed,24,0,"[""2024-05-21T18:00:00Z"",""2024-05-21T18:15:00Z"",""2024-05-21T18:30:00Z"",""2024-05-21T18:45:00Z"",""2024-05-21T19:00:00Z"",""2024-05-21T19:15:00Z"",""2024-05-21T19:30:00Z"",""2024-05-21T19:45:00Z"",""2024-05-21T20:00:00Z"",""2024-05-21T20:15:00Z"",""2024-05-21T20:30:00Z"",""2024-05-21T20:45:00Z"",""2024-05-21T21:00:00Z"",""2024-05-21T21:15:00Z"",""2024-05-21T21:30:00Z"",""2024-05-21T21:45:00Z"",""2024-05-21T22:00:00Z"",""2024-05-21T22:15:00Z"",""2024-05-21T22:30:00Z"",""2024-05-21T22:45:00Z"",""2024-05-21T23:00:00Z"",""2024-05-21T23:15:00Z"",""2024-05-21T23:30:00Z"",""2024-05-21T23:45:00Z""]",null,unavailable,county_outage_5pct_v1,UncoveredLabel,,unavailable,,,,[],unavailable,[],[],"[""No EAGLE-I match retained."",""Tornado path evidence alone does not establish county label coverage.""]",[]
mn-2024-06-12-northland,sys-2024-06-12-northland-severe,hail,"[""tornado"",""convective wind""]","[""1189664"",""1189830""]",true,candidate_only,mn-2024-06-12-northland-27137-1800,27137,TIGER/Line 2024 pending county crosswalk verification,mn-2024-06-12-northland-replay,2024-06-12T18:00:00Z,2024-06-13T00:00:00Z,shortfall,replay,uncovered,not_assessed,not_applicable,,,[],null,UncoveredLabel,time_series_or_grid,observed,24,20,"[""2024-06-12T21:00:00Z"",""2024-06-12T21:15:00Z"",""2024-06-12T21:30:00Z"",""2024-06-12T21:45:00Z""]",null,unavailable,county_outage_5pct_v1,UncoveredLabel,,unavailable,,,,[],unavailable,[],[],"[""Precise county/source IDs and outage coverage pending.""]",[]
mn-2024-07-13-hail-tornado,sys-2024-07-13-mn-severe,hail,"[""tornado"",""convective wind""]","[""1204575"",""1208467"",""1200955""]",true,candidate_only,mn-2024-07-13-hail-tornado-27131-1800,27131,TIGER/Line 2024 pending county crosswalk verification,mn-2024-07-13-hail-tornado-replay,2024-07-13T18:00:00Z,2024-07-14T00:00:00Z,shortfall,replay,uncovered,not_assessed,not_applicable,,,[],null,UncoveredLabel,time_series_or_grid,observed,24,10,"[""2024-07-13T18:00:00Z"",""2024-07-13T18:15:00Z"",""2024-07-13T18:30:00Z"",""2024-07-13T18:45:00Z"",""2024-07-13T19:00:00Z"",""2024-07-13T19:15:00Z"",""2024-07-13T19:30:00Z"",""2024-07-13T19:45:00Z"",""2024-07-13T20:00:00Z"",""2024-07-13T20:15:00Z"",""2024-07-13T20:30:00Z"",""2024-07-13T20:45:00Z"",""2024-07-13T21:00:00Z"",""2024-07-13T21:15:00Z""]",null,unavailable,county_outage_5pct_v1,UncoveredLabel,,unavailable,,,,[],unavailable,[],[],"[""Preliminary event material requires NCEI source IDs."",""No matched county outage evidence yet.""]",[]
mn-2024-11-11-lake-superior-gradient,sys-2024-11-11-lake-superior-gradient,non-tropical high wind,[],"[""1225278""]",false,candidate_only,mn-2024-11-11-lake-superior-gradient-27031-0600,27031,TIGER/Line 2024 pending county crosswalk verification,mn-2024-11-11-lake-superior-gradient-replay,2024-11-11T06:00:00Z,2024-11-11T12:00:00Z,shortfall,replay,uncovered,authoritative_event_report,observed,,,[],"{""limitations"":""Zone report establishes occurrence for the named zone only; it is not a countywide measurement or a time series."",""scope_identifier"":""MN Southern Cook zone"",""source_event_ids"":[""1225278""],""source_window"":{""end_utc"":""2024-11-11T15:00:00Z"",""start_utc"":""2024-11-11T08:00:00Z""},""spatial_scope"":""zone""}",UncoveredLabel,time_series_or_grid,observed,24,0,"[""2024-11-11T06:00:00Z"",""2024-11-11T06:15:00Z"",""2024-11-11T06:30:00Z"",""2024-11-11T06:45:00Z"",""2024-11-11T07:00:00Z"",""2024-11-11T07:15:00Z"",""2024-11-11T07:30:00Z"",""2024-11-11T07:45:00Z"",""2024-11-11T08:00:00Z"",""2024-11-11T08:15:00Z"",""2024-11-11T08:30:00Z"",""2024-11-11T08:45:00Z"",""2024-11-11T09:00:00Z"",""2024-11-11T09:15:00Z"",""2024-11-11T09:30:00Z"",""2024-11-11T09:45:00Z"",""2024-11-11T10:00:00Z"",""2024-11-11T10:15:00Z"",""2024-11-11T10:30:00Z"",""2024-11-11T10:45:00Z"",""2024-11-11T11:00:00Z"",""2024-11-11T11:15:00Z"",""2024-11-11T11:30:00Z"",""2024-11-11T11:45:00Z""]",null,unavailable,county_outage_5pct_v1,UncoveredLabel,,unavailable,,,,[],unavailable,[],[],"[""Nearshore observations do not prove county-wide weather or outage coverage.""]",[]
mn-ia-2024-flood,mn-ia-2024-flood,heavy_rain,"[""river_flood""]","[""usgs:ofr20261066""]",true,shortfall,mn-ia-2024-flood-19149-2024-06-20t00z,19149,Census 2024 county-equivalent FIPS,mn-ia-2024-flood-replay,2024-06-20T00:00:00Z,2024-06-20T06:00:00Z,shortfall,replay,uncovered,not_assessed,not_applicable,,,[],null,UncoveredLabel,time_series_or_grid,observed,24,0,"[""2024-06-20T00:00:00Z"",""2024-06-20T00:15:00Z"",""2024-06-20T00:30:00Z"",""2024-06-20T00:45:00Z"",""2024-06-20T01:00:00Z"",""2024-06-20T01:15:00Z"",""2024-06-20T01:30:00Z"",""2024-06-20T01:45:00Z"",""2024-06-20T02:00:00Z"",""2024-06-20T02:15:00Z"",""2024-06-20T02:30:00Z"",""2024-06-20T02:45:00Z"",""2024-06-20T03:00:00Z"",""2024-06-20T03:15:00Z"",""2024-06-20T03:30:00Z"",""2024-06-20T03:45:00Z"",""2024-06-20T04:00:00Z"",""2024-06-20T04:15:00Z"",""2024-06-20T04:30:00Z"",""2024-06-20T04:45:00Z"",""2024-06-20T05:00:00Z"",""2024-06-20T05:15:00Z"",""2024-06-20T05:30:00Z"",""2024-06-20T05:45:00Z""]",null,unavailable,county_outage_5pct_v1,UncoveredLabel,,unavailable,,,,"[""usgs-mn-ia-2024-flood"",""eaglei-2024-53581661-20240620t000000-20240620t060000""]",unavailable,[],[],"[""The missing rows are an UncoveredLabel, never a zero-outage result.""]","[""The definitive exhaustive annual EAGLE-I scan found no rows for the predeclared Plymouth County, Iowa six-hour window.""]"
mn-sd-ia-2014-flood,mn-sd-ia-2014-flood,heavy_rain,"[""river_flood""]","[""usgs:june-2014-mn-sd-ia""]",true,shortfall,mn-sd-ia-2014-flood-27137-2014-06-16t00z,27137,Census 2024 county-equivalent FIPS,mn-sd-ia-2014-flood-replay,2014-06-16T00:00:00Z,2014-06-16T06:00:00Z,shortfall,replay,uncovered,not_assessed,not_applicable,,,[],null,UncoveredLabel,time_series_or_grid,observed,24,0,"[""2014-06-16T00:00:00Z"",""2014-06-16T00:15:00Z"",""2014-06-16T00:30:00Z"",""2014-06-16T00:45:00Z"",""2014-06-16T01:00:00Z"",""2014-06-16T01:15:00Z"",""2014-06-16T01:30:00Z"",""2014-06-16T01:45:00Z"",""2014-06-16T02:00:00Z"",""2014-06-16T02:15:00Z"",""2014-06-16T02:30:00Z"",""2014-06-16T02:45:00Z"",""2014-06-16T03:00:00Z"",""2014-06-16T03:15:00Z"",""2014-06-16T03:30:00Z"",""2014-06-16T03:45:00Z"",""2014-06-16T04:00:00Z"",""2014-06-16T04:15:00Z"",""2014-06-16T04:30:00Z"",""2014-06-16T04:45:00Z"",""2014-06-16T05:00:00Z"",""2014-06-16T05:15:00Z"",""2014-06-16T05:30:00Z"",""2014-06-16T05:45:00Z""]",null,unavailable,county_outage_5pct_v1,UncoveredLabel,,unavailable,,,,"[""usgs-mn-sd-ia-2014-flood"",""eaglei-2014-42547717-20140616t000000-20140616t060000""]",unavailable,[],[],"[""The missing rows are an UncoveredLabel, never a zero-outage result.""]","[""The definitive exhaustive annual EAGLE-I scan found no rows for the predeclared St. Louis County six-hour window.""]"
mn-wi-2022-03-29-ice,upper_midwest_2022-03-29_ice,ice_storm,[],"[""ncei:2022:167599:1014369""]",false,candidate_only,mn-wi-2022-03-29-ice-27075-20220330t0000z,27075,Census TIGER/Line 2024,mn-wi-2022-03-29-ice-replay,2022-03-30T00:00:00Z,2022-03-30T06:00:00Z,candidate_only,replay,covered,authoritative_event_report,observed,,,[],"{""limitations"":""Zone report intersects the final two hours of the canonical bin; not a county time series."",""scope_identifier"":""NCEI MN zone 020 SOUTHERN LAKE"",""source_event_ids"":[""ncei:2022:167599:1014369""],""source_window"":{""end_utc"":""2022-03-30T22:00:00Z"",""start_utc"":""2022-03-30T04:00:00Z""},""spatial_scope"":""zone""}",UncoveredLabel,time_series_or_grid,observed,24,0,"[""2022-03-30T00:00:00Z"",""2022-03-30T00:15:00Z"",""2022-03-30T00:30:00Z"",""2022-03-30T00:45:00Z"",""2022-03-30T01:00:00Z"",""2022-03-30T01:15:00Z"",""2022-03-30T01:30:00Z"",""2022-03-30T01:45:00Z"",""2022-03-30T02:00:00Z"",""2022-03-30T02:15:00Z"",""2022-03-30T02:30:00Z"",""2022-03-30T02:45:00Z"",""2022-03-30T03:00:00Z"",""2022-03-30T03:15:00Z"",""2022-03-30T03:30:00Z"",""2022-03-30T03:45:00Z"",""2022-03-30T04:00:00Z"",""2022-03-30T04:15:00Z"",""2022-03-30T04:30:00Z"",""2022-03-30T04:45:00Z"",""2022-03-30T05:00:00Z"",""2022-03-30T05:15:00Z"",""2022-03-30T05:30:00Z"",""2022-03-30T05:45:00Z""]",null,unavailable,county_outage_5pct_v1,UncoveredLabel,,unavailable,,,,"[""ncei_stormevents_2022_c20260625_mar"",""eaglei-2022-42547897-20220330t000000-20220330t060000""]",unavailable,[],[],"[""NCEI Southern Lake is a forecast zone rather than a county observation."",""The qualified exhaustive EAGLE-I annual scan found no county observations in this canonical window; that is UncoveredLabel, never zero.""]",[]
near-miss-mn-2021-06-11-nobles-wind,near-miss-mn-2021-06-11-nobles-wind,thunderstorm_wind,[],"[""966051"",""159834""]",false,candidate_only,near-miss-mn-2021-06-11-nobles-wind,27105,pending-catalog-contract,near-miss-mn-2021-06-11-nobles-wind,2021-06-11T12:00:00Z,2021-06-11T18:00:00Z,candidate_only,replay,uncovered,not_assessed,not_applicable,,,[],null,UncoveredLabel,time_series_or_grid,observed,24,0,"[""2021-06-11T12:00:00Z"",""2021-06-11T12:15:00Z"",""2021-06-11T12:30:00Z"",""2021-06-11T12:45:00Z"",""2021-06-11T13:00:00Z"",""2021-06-11T13:15:00Z"",""2021-06-11T13:30:00Z"",""2021-06-11T13:45:00Z"",""2021-06-11T14:00:00Z"",""2021-06-11T14:15:00Z"",""2021-06-11T14:30:00Z"",""2021-06-11T14:45:00Z"",""2021-06-11T15:00:00Z"",""2021-06-11T15:15:00Z"",""2021-06-11T15:30:00Z"",""2021-06-11T15:45:00Z"",""2021-06-11T16:00:00Z"",""2021-06-11T16:15:00Z"",""2021-06-11T16:30:00Z"",""2021-06-11T16:45:00Z"",""2021-06-11T17:00:00Z"",""2021-06-11T17:15:00Z"",""2021-06-11T17:30:00Z"",""2021-06-11T17:45:00Z""]",null,unavailable,county_outage_5pct_v1,UncoveredLabel,,unavailable,,,,"[""ncei-stormevents-index"",""eaglei-2021-42547891-near-miss-mn-2021-06-11-nobles-wind-27105-20210611t120000""]",unavailable,[],[],"[""Diagnostic candidate, not a causal or low-outage control."",""Coverage evidence pending."",""EAGLE-I outage coverage has a collection shortfall and is UncoveredLabel; this candidate is not accepted.""]",[]
near-miss-mn-2021-06-16-nobles-hail,near-miss-mn-2021-06-16-nobles-hail,hail,[],"[""966060"",""159838""]",false,candidate_only,near-miss-mn-2021-06-16-nobles-hail,27105,pending-catalog-contract,near-miss-mn-2021-06-16-nobles-hail,2021-06-16T18:00:00Z,2021-06-17T00:00:00Z,candidate_only,replay,uncovered,not_assessed,not_applicable,,,[],null,UncoveredLabel,time_series_or_grid,observed,24,0,"[""2021-06-16T18:00:00Z"",""2021-06-16T18:15:00Z"",""2021-06-16T18:30:00Z"",""2021-06-16T18:45:00Z"",""2021-06-16T19:00:00Z"",""2021-06-16T19:15:00Z"",""2021-06-16T19:30:00Z"",""2021-06-16T19:45:00Z"",""2021-06-16T20:00:00Z"",""2021-06-16T20:15:00Z"",""2021-06-16T20:30:00Z"",""2021-06-16T20:45:00Z"",""2021-06-16T21:00:00Z"",""2021-06-16T21:15:00Z"",""2021-06-16T21:30:00Z"",""2021-06-16T21:45:00Z"",""2021-06-16T22:00:00Z"",""2021-06-16T22:15:00Z"",""2021-06-16T22:30:00Z"",""2021-06-16T22:45:00Z"",""2021-06-16T23:00:00Z"",""2021-06-16T23:15:00Z"",""2021-06-16T23:30:00Z"",""2021-06-16T23:45:00Z""]",null,unavailable,county_outage_5pct_v1,UncoveredLabel,,unavailable,,,,"[""ncei-stormevents-index"",""eaglei-2021-42547891-near-miss-mn-2021-06-16-nobles-hail-27105-20210616t180000""]",unavailable,[],[],"[""Diagnostic candidate, not a causal or low-outage control."",""Coverage evidence pending."",""EAGLE-I outage coverage has a collection shortfall and is UncoveredLabel; this candidate is not accepted.""]",[]
near-miss-mn-2021-08-24-murray-hail,near-miss-mn-2021-08-24-murray-hail,hail,[],"[""982289"",""162684""]",false,candidate_only,near-miss-mn-2021-08-24-murray-hail,27101,pending-catalog-contract,near-miss-mn-2021-08-24-murray-hail,2021-08-24T12:00:00Z,2021-08-24T18:00:00Z,candidate_only,replay,uncovered,not_assessed,not_applicable,,,[],null,UncoveredLabel,time_series_or_grid,observed,24,0,"[""2021-08-24T12:00:00Z"",""2021-08-24T12:15:00Z"",""2021-08-24T12:30:00Z"",""2021-08-24T12:45:00Z"",""2021-08-24T13:00:00Z"",""2021-08-24T13:15:00Z"",""2021-08-24T13:30:00Z"",""2021-08-24T13:45:00Z"",""2021-08-24T14:00:00Z"",""2021-08-24T14:15:00Z"",""2021-08-24T14:30:00Z"",""2021-08-24T14:45:00Z"",""2021-08-24T15:00:00Z"",""2021-08-24T15:15:00Z"",""2021-08-24T15:30:00Z"",""2021-08-24T15:45:00Z"",""2021-08-24T16:00:00Z"",""2021-08-24T16:15:00Z"",""2021-08-24T16:30:00Z"",""2021-08-24T16:45:00Z"",""2021-08-24T17:00:00Z"",""2021-08-24T17:15:00Z"",""2021-08-24T17:30:00Z"",""2021-08-24T17:45:00Z""]",null,unavailable,county_outage_5pct_v1,UncoveredLabel,,unavailable,,,,"[""ncei-stormevents-index"",""eaglei-2021-42547891-near-miss-mn-2021-08-24-murray-hail-27101-20210824t120000""]",unavailable,[],[],"[""Diagnostic candidate, not a causal or low-outage control."",""Coverage evidence pending."",""EAGLE-I outage coverage has a collection shortfall and is UncoveredLabel; this candidate is not accepted.""]",[]
near-miss-mn-2021-09-17-jackson-wind,near-miss-mn-2021-09-17-jackson-wind,thunderstorm_wind,[],"[""985545"",""163247""]",false,candidate_only,near-miss-mn-2021-09-17-jackson-wind,27063,pending-catalog-contract,near-miss-mn-2021-09-17-jackson-wind,2021-09-17T06:00:00Z,2021-09-17T12:00:00Z,candidate_only,replay,uncovered,not_assessed,not_applicable,,,[],null,UncoveredLabel,not_assessed,not_applicable,,,[],null,unavailable,county_outage_5pct_v1,UncoveredLabel,,unavailable,,,,"[""ncei-stormevents-index"",""eaglei-2021-42547891-near-miss-mn-2021-09-17-jackson-wind-27063-20210917t000000""]",unavailable,[],[],"[""Diagnostic candidate, not a causal or low-outage control."",""Coverage evidence pending."",""EAGLE-I outage coverage has a collection shortfall and is UncoveredLabel; this candidate is not accepted."",""County window corrected from 2021-09-17T00:00-06:00Z to 06:00-12:00Z: NCEI 985545 is 17-SEP-21 00:40-00:42 CZ_TIMEZONE CST-6 = 2021-09-17T06:40-06:42Z under the unconditional +6 rule this cohort declares, so the original window did not contain its own source event.""]",[]
near-miss-mn-2021-10-10-grant-wind,near-miss-mn-2021-10-10-grant-wind,thunderstorm_wind,[],"[""990297"",""164028""]",false,candidate_only,near-miss-mn-2021-10-10-grant-wind,27051,pending-catalog-contract,near-miss-mn-2021-10-10-grant-wind,2021-10-10T00:00:00Z,2021-10-10T06:00:00Z,candidate_only,replay,uncovered,not_assessed,not_applicable,,,[],null,UncoveredLabel,time_series_or_grid,observed,24,0,"[""2021-10-10T00:00:00Z"",""2021-10-10T00:15:00Z"",""2021-10-10T00:30:00Z"",""2021-10-10T00:45:00Z"",""2021-10-10T01:00:00Z"",""2021-10-10T01:15:00Z"",""2021-10-10T01:30:00Z"",""2021-10-10T01:45:00Z"",""2021-10-10T02:00:00Z"",""2021-10-10T02:15:00Z"",""2021-10-10T02:30:00Z"",""2021-10-10T02:45:00Z"",""2021-10-10T03:00:00Z"",""2021-10-10T03:15:00Z"",""2021-10-10T03:30:00Z"",""2021-10-10T03:45:00Z"",""2021-10-10T04:00:00Z"",""2021-10-10T04:15:00Z"",""2021-10-10T04:30:00Z"",""2021-10-10T04:45:00Z"",""2021-10-10T05:00:00Z"",""2021-10-10T05:15:00Z"",""2021-10-10T05:30:00Z"",""2021-10-10T05:45:00Z""]",null,unavailable,county_outage_5pct_v1,UncoveredLabel,,unavailable,,,,"[""ncei-stormevents-index"",""eaglei-2021-42547891-near-miss-mn-2021-10-10-grant-wind-27051-20211010t000000""]",unavailable,[],[],"[""Diagnostic candidate, not a causal or low-outage control."",""Coverage evidence pending."",""EAGLE-I outage coverage has a collection shortfall and is UncoveredLabel; this candidate is not accepted.""]",[]
upper-midwest-2019-snowmelt-flood,upper-midwest-2019-snowmelt-flood,river_flood,"[""snowmelt"",""rain_on_snow"",""heavy_rain""]","[""usgs:2019-03-15-central-midwest-alert"",""ncei-stormevents:813204""]",true,shortfall,upper-midwest-2019-snowmelt-flood-31041-2019-03-13t18z,31041,Census 2024 county-equivalent FIPS,upper-midwest-2019-snowmelt-flood-replay,2019-03-13T18:00:00Z,2019-03-14T00:00:00Z,shortfall,replay,covered,authoritative_event_report,observed,,,[],"{""limitations"":""The county Flood report documents observed flooding from snow, rain, and rapid snowmelt; it is not a complete county precipitation series."",""scope_identifier"":""Custer County, Nebraska (CZ_FIPS 041)"",""source_event_ids"":[""ncei-stormevents:813204""],""source_window"":{""end_utc"":""2019-03-13T22:23:01Z"",""start_utc"":""2019-03-13T22:23:00Z""},""spatial_scope"":""county""}",UncoveredLabel,time_series_or_grid,observed,24,0,"[""2019-03-13T18:00:00Z"",""2019-03-13T18:15:00Z"",""2019-03-13T18:30:00Z"",""2019-03-13T18:45:00Z"",""2019-03-13T19:00:00Z"",""2019-03-13T19:15:00Z"",""2019-03-13T19:30:00Z"",""2019-03-13T19:45:00Z"",""2019-03-13T20:00:00Z"",""2019-03-13T20:15:00Z"",""2019-03-13T20:30:00Z"",""2019-03-13T20:45:00Z"",""2019-03-13T21:00:00Z"",""2019-03-13T21:15:00Z"",""2019-03-13T21:30:00Z"",""2019-03-13T21:45:00Z"",""2019-03-13T22:00:00Z"",""2019-03-13T22:15:00Z"",""2019-03-13T22:30:00Z"",""2019-03-13T22:45:00Z"",""2019-03-13T23:00:00Z"",""2019-03-13T23:15:00Z"",""2019-03-13T23:30:00Z"",""2019-03-13T23:45:00Z""]",null,unavailable,county_outage_5pct_v1,UncoveredLabel,,unavailable,,,,"[""usgs-upper-midwest-2019-snowmelt"",""noaa-ncei-stormevents-2019"",""eaglei-2019-42547885-upper-midwest-2019-snowmelt-flood-31041-20190313180000-20190313t180000-20190314t000000""]",available,"[""noaa-ncei-stormevents-2019:event_id=813204""]","[{""county_fips"":""31041"",""end_utc"":""2019-03-14T00:00:00Z"",""receipt_id"":""noaa-ncei-stormevents-2019"",""start_utc"":""2019-03-13T18:00:00Z""}]","[""The missing rows are an UncoveredLabel, never a zero-outage result.""]","[""The definitive exhaustive annual EAGLE-I scan found no rows for the canonical Custer County six-hour window.""]"
vt-2023-flood,vt-2023-flood,heavy_rain,"[""flash_flood"",""river_flood""]","[""usgs:sir20255016""]",true,shortfall,vt-2023-flood-50023-2023-07-10t00z,50023,Census 2024 county-equivalent FIPS,vt-2023-flood-replay,2023-07-10T00:00:00Z,2023-07-10T06:00:00Z,shortfall,replay,uncovered,not_assessed,not_applicable,,,[],null,UncoveredLabel,time_series_or_grid,observed,24,15,"[""2023-07-10T03:45:00Z"",""2023-07-10T04:00:00Z"",""2023-07-10T04:15:00Z"",""2023-07-10T04:30:00Z"",""2023-07-10T04:45:00Z"",""2023-07-10T05:00:00Z"",""2023-07-10T05:15:00Z"",""2023-07-10T05:30:00Z"",""2023-07-10T05:45:00Z""]",null,unavailable,county_outage_5pct_v1,UncoveredLabel,,unavailable,,,,"[""usgs-vt-2023-flood"",""eaglei-2023-44574907-vt-2023-flood-50023-20230710000000-20230710t000000-20230710t060000""]",unavailable,[],[],"[""USGS hydrologic documentation is retained as context and does not establish county-wide rainfall or a rainfall cause for outage observations."",""The partial EAGLE-I interval is UncoveredLabel, never a zero-outage result.""]","[""The definitive exhaustive annual EAGLE-I scan found only 15 of 24 expected county intervals.""]"
